,0
dana,78
sibuk,38
sistem,34
nya,31
gangguan,28
aplikasi,26
eror,25
login,25
ga,23
perbaiki,19
transaksi,18
jaringan,14
mulu,13
saldo,13
masuk,12
bagus,12
kecewa,12
susah,11
udah,10
yg,9
error,9
update,8
gk,8
aja,8
kalo,8
kirim,8
lemot,8
bank,7
transfer,7
parah,7
ko,7
lancar,7
pake,7
bos,7
mohon,6
apk,6
gagal,6
min,6
tf,6
knp,6
uang,6
banget,6
sih,6
sinyal,6
topup,5
knpa,5
mantap,5
muncul,5
ni,5
gabisa,5
aplikasinya,5
log,5
akun,5
kasih,5
suka,5
trus,5
gak,5
server,4
bikin,4
duit,4
nih,4
jelek,4
yah,4
bayar,4
koneksi,4
hp,4
good,4
knapa,4
game,3
nomor,3
tranfer,3
hujan,3
d,3
dah,3
jdi,3
skarang,3
gimna,3
bantuan,3
normal,3
jt,3
buka,3
nyaman,3
kena,3
bgt,3
bintang,3
kaya,3
biar,3
aneh,3
gua,3
in,3
si,3
terdaftar,3
ngga,3
aktif,3
lg,2
bermasalah,2
daftar,2
bsa,2
pedahal,2
percepat,2
system,2
disitu,2
deh,2
secepatnya,2
memakai,2
download,2
up,2
gx,2
sulit,2
skrg,2
membantu,2
kak,2
payah,2
memuaskan,2
gmn,2
rekan,2
isi,2
kesini,2
kayak,2
berat,2
bertambah,2
nomornya,2
email,2
full,2
terima,2
logout,2
gimana,2
gw,2
woy,2
bosku,2
oke,2
tulisan,2
pas,2
gini,2
hilang,2
lelet,2
menunggu,2
out,2
alasan,2
pelayanannya,2
ilang,2
no,2
udh,2
dibuka,2
menit,2
bbrp,2
sistemnya,2
upgrade,2
ajh,2
coba,2
bantuannya,2
kendala,2
bgsd,2
loh,2
lambat,2
skrang,2
bug,2
makasih,2
malas,2
cwe,1
sring,1
tong,1
notif,1
woooy,1
sist,1
uangnya,1
laah,1
dr,1
kerennn,1
y,1
aplikasiii,1
sisa,1
ancur,1
makenya,1
loading,1
pelangganmu,1
cvvk,1
pdhl,1
mlu,1
sm,1
qris,1
link,1
sdg,1
sj,1
saldonya,1
g,1
bri,1
rekening,1
qontol,1
kek,1
buset,1
trusss,1
magrib,1
woi,1
pelanggan,1
diperbarui,1
halamannya,1
tolonngggg,1
stay,1
emng,1
erorrr,1
kalipun,1
direfresh,1
kelemahan,1
banggat,1
jalek,1
bangat,1
jdnya,1
tolonglah,1
nie,1
pasang,1
uninstall,1
apinya,1
dibenerin,1
ovo,1
pindah,1
kencang,1
tersambung,1
akses,1
iya,1
jam,1
tanggal,1
kerjanya,1
menyenangkan,1
cepat,1
gajelas,1
bilang,1
cair,1
blm,1
hasil,1
meringankan,1
hallo,1
bantu,1
dsna,1
ganggua,1
ahir,1
pin,1
stak,1
bahaya,1
ganguan,1
emang,1
tolon,1
donlod,1
apus,1
rb,1
topap,1
barusan,1
koh,1
syg,1
pinjam,1
impokan,1
mantab,1
slot,1
depo,1
mudah,1
harap,1
kenaapa,1
dewek,1
sekarep,1
bu,1
perbaikan,1
amam,1
elor,1
sayah,1
malam,1
selamat,1
gooooddd,1
goood,1
mempermudah,1
pusat,1
gusba,1
penyebabnya,1
lol,1
bagusin,1
admin,1
krim,1
aya,1
tetep,1
boss,1
kenpa,1
please,1
transaksinya,1
maximum,1
ayodong,1
bertransaksi,1
memudahkan,1
wagu,1
senang,1
haduh,1
pengajuan,1
proses,1
batal,1
kepotong,1
dompet,1
kabur,1
cepetan,1
n,1
smpai,1
kpan,1
helooooo,1
dibaca,1
sengaja,1
pay,1
shopi,1
tup,1
kadang,1
habis,1
mantaaaap,1
tranver,1
ku,1
kmbali,1
boz,1
updet,1
stlah,1
sush,1
ap,1
connect,1
mw,1
respect,1
skrng,1
muat,1
diprioritaskan,1
lose,1
dimiliki,1
soksibukni,1
keterangan,1
bener,1
tagihan,1
bejuta,1
tros,1
diperbaiki,1
trf,1
pengen,1
buru,1
bantuanya,1
dibantu,1
sdah,1
alasannya,1
premium,1
terlanjur,1
giman,1
prosesnya,1
top,1
atwpun,1
atwnapa,1
sitem,1
bobok,1
tp,1
padah,1
balesany,1
kqgak,1
chat,1
laporan,1
pokoknya,1
keseringan,1
ja,1
apalah,1
kmren,1
pdahal,1
prah,1
mati,1
susahnya,1
rusak,1
jaaringanpun,1
padajal,1
nol,1
aman,1
kau,1
koneksimu,1
baguss,1
bknnya,1
mlh,1
erorr,1
saran,1
pulsa,1
beli,1
langsung,1
baya,1
teman,1
lag,1
ngeleg,1
bapuk,1
ditingkatkan,1
sosmed,1
youtube,1
nonton,1
main,1
stabil,1
diturutin,1
ngeluh,1
make,1
pdhal,1
salah,1
tampilan,1
berjalan,1
jalannya,1
perbaikin,1
mental,1
teransper,1
jdinya,1
berhasil,1
terbuka,1
pakai,1
kesan,1
heran,1
menyesal,1
situ,1
bgtu,1
mash,1
padhal,1
parahh,1
makan,1
lh,1
jatingan,1
klo,1
manfaat,1
gtu,1
sampe,1
goal,1
kesalahan,1
terbaru,1
versi,1
bngt,1
slalu,1
ngecewain,1
buktinya,1
event,1
gaya,1
kebanyakan,1
orang,1
hambatan,1
tertulis,1
ulang,1
pw,1
skaligus,1
berkaitan,1
sekrang,1
sihh,1
ter,1
baruan,1
cok,1
close,1
ovor,1
mala,1
bkan,1
bnget,1
arahin,1
ah,1
paarah,1
kebuka,1
inget,1
sandinya,1
boro,1
bikinnya,1
gatau,1
uninstal,1
jalan,1
info,1
tiktok,1
ajg,1
hps,1
ulasan,1
knph,1
dngn,1
gmna,1
eh,1
dg,1
kali,1
kyak,1
klu,1
sesungguhnya,1
byk,1
msih,1
sya,1
woooiiiii,1
gngguan,1
cuih,1
cs,1
ngirim,1
trouble,1
scam,1
gambar,1
youtobe,1
terhubung,1
duh,1
maaf,1
kinerja,1
buruk,1
asuu,1
ngacoo,1
ganti,1
disuruh,1
semenjak,1
klik,1
sehat,1
apapun,1
kesel,1
lemottttt,1
daftarkan,1
masukin,1
jaringannya,1
